Country,Dispa-SET_Code,Full_Standard_Time_Url_Country_Base,Time_Zone_Country_Code,Data_Year,Universal_Standard_Time,Url_Country_Base,Country_Code,Zone_Folder_Path,UTC_Country_File_Path
Austria,AT,https://transparency.entsoe.eu/generation/r2/actualGenerationPerProductionType/show?name=&defaultValue=false&viewType=TABLE&areaType=CTY&atch=false&datepicker-day-offset-select-dv-date-from_input=D&dateTime.dateTime=01.01.2023+00:00|CET|DAYTIMERANGE&dateTime.endDateTime=01.01.2023+00:00|CET|DAYTIMERANGE&area.values=CTY|10YAT-APG------L!CTY|10YAT-APG------L&productionType.values=B01&productionType.values=B02&productionType.values=B03&productionType.values=B04&productionType.values=B05&productionType.values=B06&productionType.values=B07&productionType.values=B08&productionType.values=B09&productionType.values=B10&productionType.values=B11&productionType.values=B12&productionType.values=B13&productionType.values=B14&productionType.values=B20&productionType.values=B15&productionType.values=B16&productionType.values=B17&productionType.values=B18&productionType.values=B19&showConsumption.values=SHOW_CONSUMPTION&dateTime.timezone=CET_CEST&dateTime.timezone_input=CET+(UTC+1)+/+CEST+(UTC+2),CET+(UTC+1)+/+CEST+(UTC+2),2023,UTC,https://transparency.entsoe.eu/generation/r2/actualGenerationPerProductionType/show?name=&defaultValue=false&viewType=TABLE&areaType=CTY&atch=false&datepicker-day-offset-select-dv-date-from_input=D&dateTime.dateTime=01.01.2023+00:00|UTC|DAYTIMERANGE&dateTime.endDateTime=01.01.2023+00:00|UTC|DAYTIMERANGE&area.values=CTY|10YAT-APG------L!CTY|10YAT-APG------L&productionType.values=B01&productionType.values=B02&productionType.values=B03&productionType.values=B04&productionType.values=B05&productionType.values=B06&productionType.values=B07&productionType.values=B08&productionType.values=B09&productionType.values=B10&productionType.values=B11&productionType.values=B12&productionType.values=B13&productionType.values=B14&productionType.values=B20&productionType.values=B15&productionType.values=B16&productionType.values=B17&productionType.values=B18&productionType.values=B19&showConsumption.values=SHOW_CONSUMPTION&dateTime.timezone=UTC&dateTime.timezone_input=UTC,CTY|10YAT-APG------L!CTY|10YAT-APG------L,/home/ray/Dispa-SET_Unleash/RawData/AvailabiltyFactors/AT,/home/ray/Dispa-SET_Unleash/RawData/AvailabiltyFactors/AT/AT_UTC.csv
Belgium,BE,https://transparency.entsoe.eu/generation/r2/actualGenerationPerProductionType/show?name=&defaultValue=false&viewType=TABLE&areaType=CTY&atch=false&datepicker-day-offset-select-dv-date-from_input=D&dateTime.dateTime=01.01.2023+00:00|CET|DAYTIMERANGE&dateTime.endDateTime=01.01.2023+00:00|CET|DAYTIMERANGE&area.values=CTY|10YBE----------2!CTY|10YBE----------2&productionType.values=B01&productionType.values=B02&productionType.values=B03&productionType.values=B04&productionType.values=B05&productionType.values=B06&productionType.values=B07&productionType.values=B08&productionType.values=B09&productionType.values=B10&productionType.values=B11&productionType.values=B12&productionType.values=B13&productionType.values=B14&productionType.values=B20&productionType.values=B15&productionType.values=B16&productionType.values=B17&productionType.values=B18&productionType.values=B19&showConsumption.values=SHOW_CONSUMPTION&dateTime.timezone=CET_CEST&dateTime.timezone_input=CET+(UTC+1)+/+CEST+(UTC+2),CET+(UTC+1)+/+CEST+(UTC+2),2023,UTC,https://transparency.entsoe.eu/generation/r2/actualGenerationPerProductionType/show?name=&defaultValue=false&viewType=TABLE&areaType=CTY&atch=false&datepicker-day-offset-select-dv-date-from_input=D&dateTime.dateTime=01.01.2023+00:00|UTC|DAYTIMERANGE&dateTime.endDateTime=01.01.2023+00:00|UTC|DAYTIMERANGE&area.values=CTY|10YBE----------2!CTY|10YBE----------2&productionType.values=B01&productionType.values=B02&productionType.values=B03&productionType.values=B04&productionType.values=B05&productionType.values=B06&productionType.values=B07&productionType.values=B08&productionType.values=B09&productionType.values=B10&productionType.values=B11&productionType.values=B12&productionType.values=B13&productionType.values=B14&productionType.values=B20&productionType.values=B15&productionType.values=B16&productionType.values=B17&productionType.values=B18&productionType.values=B19&showConsumption.values=SHOW_CONSUMPTION&dateTime.timezone=UTC&dateTime.timezone_input=UTC,CTY|10YBE----------2!CTY|10YBE----------2,/home/ray/Dispa-SET_Unleash/RawData/AvailabiltyFactors/BE,/home/ray/Dispa-SET_Unleash/RawData/AvailabiltyFactors/BE/BE_UTC.csv
Bulgaria,BG,https://transparency.entsoe.eu/generation/r2/actualGenerationPerProductionType/show?name=&defaultValue=false&viewType=TABLE&areaType=CTY&atch=false&datepicker-day-offset-select-dv-date-from_input=D&dateTime.dateTime=01.01.2023+00:00|EET|DAYTIMERANGE&dateTime.endDateTime=01.01.2023+00:00|EET|DAYTIMERANGE&area.values=CTY|10YCA-BULGARIA-R!CTY|10YCA-BULGARIA-R&productionType.values=B01&productionType.values=B02&productionType.values=B03&productionType.values=B04&productionType.values=B05&productionType.values=B06&productionType.values=B07&productionType.values=B08&productionType.values=B09&productionType.values=B10&productionType.values=B11&productionType.values=B12&productionType.values=B13&productionType.values=B14&productionType.values=B20&productionType.values=B15&productionType.values=B16&productionType.values=B17&productionType.values=B18&productionType.values=B19&showConsumption.values=SHOW_CONSUMPTION&dateTime.timezone=EET_EEST&dateTime.timezone_input=EET+(UTC+2)+/+EEST+(UTC+3),EET+(UTC+2)+/+EEST+(UTC+3),2023,UTC,https://transparency.entsoe.eu/generation/r2/actualGenerationPerProductionType/show?name=&defaultValue=false&viewType=TABLE&areaType=CTY&atch=false&datepicker-day-offset-select-dv-date-from_input=D&dateTime.dateTime=01.01.2023+00:00|UTC|DAYTIMERANGE&dateTime.endDateTime=01.01.2023+00:00|UTC|DAYTIMERANGE&area.values=CTY|10YCA-BULGARIA-R!CTY|10YCA-BULGARIA-R&productionType.values=B01&productionType.values=B02&productionType.values=B03&productionType.values=B04&productionType.values=B05&productionType.values=B06&productionType.values=B07&productionType.values=B08&productionType.values=B09&productionType.values=B10&productionType.values=B11&productionType.values=B12&productionType.values=B13&productionType.values=B14&productionType.values=B20&productionType.values=B15&productionType.values=B16&productionType.values=B17&productionType.values=B18&productionType.values=B19&showConsumption.values=SHOW_CONSUMPTION&dateTime.timezone=UTC&dateTime.timezone_input=UTC,CTY|10YCA-BULGARIA-R!CTY|10YCA-BULGARIA-R,/home/ray/Dispa-SET_Unleash/RawData/AvailabiltyFactors/BG,/home/ray/Dispa-SET_Unleash/RawData/AvailabiltyFactors/BG/BG_UTC.csv
Switzerland,CH,https://transparency.entsoe.eu/generation/r2/actualGenerationPerProductionType/show?name=&defaultValue=false&viewType=TABLE&areaType=CTY&atch=false&datepicker-day-offset-select-dv-date-from_input=D&dateTime.dateTime=01.01.2023+00:00|CET|DAYTIMERANGE&dateTime.endDateTime=01.01.2023+00:00|CET|DAYTIMERANGE&area.values=CTY|10YCH-SWISSGRIDZ!CTY|10YCH-SWISSGRIDZ&productionType.values=B01&productionType.values=B02&productionType.values=B03&productionType.values=B04&productionType.values=B05&productionType.values=B06&productionType.values=B07&productionType.values=B08&productionType.values=B09&productionType.values=B10&productionType.values=B11&productionType.values=B12&productionType.values=B13&productionType.values=B14&productionType.values=B20&productionType.values=B15&productionType.values=B16&productionType.values=B17&productionType.values=B18&productionType.values=B19&showConsumption.values=SHOW_CONSUMPTION&dateTime.timezone=CET_CEST&dateTime.timezone_input=CET+(UTC+1)+/+CEST+(UTC+2),CET+(UTC+1)+/+CEST+(UTC+2),2023,UTC,https://transparency.entsoe.eu/generation/r2/actualGenerationPerProductionType/show?name=&defaultValue=false&viewType=TABLE&areaType=CTY&atch=false&datepicker-day-offset-select-dv-date-from_input=D&dateTime.dateTime=01.01.2023+00:00|UTC|DAYTIMERANGE&dateTime.endDateTime=01.01.2023+00:00|UTC|DAYTIMERANGE&area.values=CTY|10YCH-SWISSGRIDZ!CTY|10YCH-SWISSGRIDZ&productionType.values=B01&productionType.values=B02&productionType.values=B03&productionType.values=B04&productionType.values=B05&productionType.values=B06&productionType.values=B07&productionType.values=B08&productionType.values=B09&productionType.values=B10&productionType.values=B11&productionType.values=B12&productionType.values=B13&productionType.values=B14&productionType.values=B20&productionType.values=B15&productionType.values=B16&productionType.values=B17&productionType.values=B18&productionType.values=B19&showConsumption.values=SHOW_CONSUMPTION&dateTime.timezone=UTC&dateTime.timezone_input=UTC,CTY|10YCH-SWISSGRIDZ!CTY|10YCH-SWISSGRIDZ,/home/ray/Dispa-SET_Unleash/RawData/AvailabiltyFactors/CH,/home/ray/Dispa-SET_Unleash/RawData/AvailabiltyFactors/CH/CH_UTC.csv
Cyprus,CY,https://transparency.entsoe.eu/generation/r2/actualGenerationPerProductionType/show?name=&defaultValue=false&viewType=TABLE&areaType=CTY&atch=false&datepicker-day-offset-select-dv-date-from_input=D&dateTime.dateTime=01.01.2023+00:00|EET|DAYTIMERANGE&dateTime.endDateTime=01.01.2023+00:00|EET|DAYTIMERANGE&area.values=CTY|10YCY-1001A0003J!CTY|10YCY-1001A0003J&productionType.values=B01&productionType.values=B02&productionType.values=B03&productionType.values=B04&productionType.values=B05&productionType.values=B06&productionType.values=B07&productionType.values=B08&productionType.values=B09&productionType.values=B10&productionType.values=B11&productionType.values=B12&productionType.values=B13&productionType.values=B14&productionType.values=B20&productionType.values=B15&productionType.values=B16&productionType.values=B17&productionType.values=B18&productionType.values=B19&showConsumption.values=SHOW_CONSUMPTION&dateTime.timezone=EET_EEST&dateTime.timezone_input=EET+(UTC+2)+/+EEST+(UTC+3),EET+(UTC+2)+/+EEST+(UTC+3),2023,UTC,https://transparency.entsoe.eu/generation/r2/actualGenerationPerProductionType/show?name=&defaultValue=false&viewType=TABLE&areaType=CTY&atch=false&datepicker-day-offset-select-dv-date-from_input=D&dateTime.dateTime=01.01.2023+00:00|UTC|DAYTIMERANGE&dateTime.endDateTime=01.01.2023+00:00|UTC|DAYTIMERANGE&area.values=CTY|10YCY-1001A0003J!CTY|10YCY-1001A0003J&productionType.values=B01&productionType.values=B02&productionType.values=B03&productionType.values=B04&productionType.values=B05&productionType.values=B06&productionType.values=B07&productionType.values=B08&productionType.values=B09&productionType.values=B10&productionType.values=B11&productionType.values=B12&productionType.values=B13&productionType.values=B14&productionType.values=B20&productionType.values=B15&productionType.values=B16&productionType.values=B17&productionType.values=B18&productionType.values=B19&showConsumption.values=SHOW_CONSUMPTION&dateTime.timezone=UTC&dateTime.timezone_input=UTC,CTY|10YCY-1001A0003J!CTY|10YCY-1001A0003J,/home/ray/Dispa-SET_Unleash/RawData/AvailabiltyFactors/CY,/home/ray/Dispa-SET_Unleash/RawData/AvailabiltyFactors/CY/CY_UTC.csv
Czech Republic,CZ,https://transparency.entsoe.eu/generation/r2/actualGenerationPerProductionType/show?name=&defaultValue=false&viewType=TABLE&areaType=CTY&atch=false&datepicker-day-offset-select-dv-date-from_input=D&dateTime.dateTime=01.01.2023+00:00|CET|DAYTIMERANGE&dateTime.endDateTime=01.01.2023+00:00|CET|DAYTIMERANGE&area.values=CTY|10YCZ-CEPS-----N!CTY|10YCZ-CEPS-----N&productionType.values=B01&productionType.values=B02&productionType.values=B03&productionType.values=B04&productionType.values=B05&productionType.values=B06&productionType.values=B07&productionType.values=B08&productionType.values=B09&productionType.values=B10&productionType.values=B11&productionType.values=B12&productionType.values=B13&productionType.values=B14&productionType.values=B20&productionType.values=B15&productionType.values=B16&productionType.values=B17&productionType.values=B18&productionType.values=B19&showConsumption.values=SHOW_CONSUMPTION&dateTime.timezone=CET_CEST&dateTime.timezone_input=CET+(UTC+1)+/+CEST+(UTC+2),CET+(UTC+1)+/+CEST+(UTC+2),2023,UTC,https://transparency.entsoe.eu/generation/r2/actualGenerationPerProductionType/show?name=&defaultValue=false&viewType=TABLE&areaType=CTY&atch=false&datepicker-day-offset-select-dv-date-from_input=D&dateTime.dateTime=01.01.2023+00:00|UTC|DAYTIMERANGE&dateTime.endDateTime=01.01.2023+00:00|UTC|DAYTIMERANGE&area.values=CTY|10YCZ-CEPS-----N!CTY|10YCZ-CEPS-----N&productionType.values=B01&productionType.values=B02&productionType.values=B03&productionType.values=B04&productionType.values=B05&productionType.values=B06&productionType.values=B07&productionType.values=B08&productionType.values=B09&productionType.values=B10&productionType.values=B11&productionType.values=B12&productionType.values=B13&productionType.values=B14&productionType.values=B20&productionType.values=B15&productionType.values=B16&productionType.values=B17&productionType.values=B18&productionType.values=B19&showConsumption.values=SHOW_CONSUMPTION&dateTime.timezone=UTC&dateTime.timezone_input=UTC,CTY|10YCZ-CEPS-----N!CTY|10YCZ-CEPS-----N,/home/ray/Dispa-SET_Unleash/RawData/AvailabiltyFactors/CZ,/home/ray/Dispa-SET_Unleash/RawData/AvailabiltyFactors/CZ/CZ_UTC.csv
Germany,DE,https://transparency.entsoe.eu/generation/r2/actualGenerationPerProductionType/show?name=&defaultValue=false&viewType=TABLE&areaType=CTY&atch=false&datepicker-day-offset-select-dv-date-from_input=D&dateTime.dateTime=01.01.2023+00:00|CET|DAYTIMERANGE&dateTime.endDateTime=01.01.2023+00:00|CET|DAYTIMERANGE&area.values=CTY|10Y1001A1001A83F!CTY|10Y1001A1001A83F&productionType.values=B01&productionType.values=B02&productionType.values=B03&productionType.values=B04&productionType.values=B05&productionType.values=B06&productionType.values=B07&productionType.values=B08&productionType.values=B09&productionType.values=B10&productionType.values=B11&productionType.values=B12&productionType.values=B13&productionType.values=B14&productionType.values=B20&productionType.values=B15&productionType.values=B16&productionType.values=B17&productionType.values=B18&productionType.values=B19&showConsumption.values=SHOW_CONSUMPTION&dateTime.timezone=CET_CEST&dateTime.timezone_input=CET+(UTC+1)+/+CEST+(UTC+2),CET+(UTC+1)+/+CEST+(UTC+2),2023,UTC,https://transparency.entsoe.eu/generation/r2/actualGenerationPerProductionType/show?name=&defaultValue=false&viewType=TABLE&areaType=CTY&atch=false&datepicker-day-offset-select-dv-date-from_input=D&dateTime.dateTime=01.01.2023+00:00|UTC|DAYTIMERANGE&dateTime.endDateTime=01.01.2023+00:00|UTC|DAYTIMERANGE&area.values=CTY|10Y1001A1001A83F!CTY|10Y1001A1001A83F&productionType.values=B01&productionType.values=B02&productionType.values=B03&productionType.values=B04&productionType.values=B05&productionType.values=B06&productionType.values=B07&productionType.values=B08&productionType.values=B09&productionType.values=B10&productionType.values=B11&productionType.values=B12&productionType.values=B13&productionType.values=B14&productionType.values=B20&productionType.values=B15&productionType.values=B16&productionType.values=B17&productionType.values=B18&productionType.values=B19&showConsumption.values=SHOW_CONSUMPTION&dateTime.timezone=UTC&dateTime.timezone_input=UTC,CTY|10Y1001A1001A83F!CTY|10Y1001A1001A83F,/home/ray/Dispa-SET_Unleash/RawData/AvailabiltyFactors/DE,/home/ray/Dispa-SET_Unleash/RawData/AvailabiltyFactors/DE/DE_UTC.csv
Denmark,DK,https://transparency.entsoe.eu/generation/r2/actualGenerationPerProductionType/show?name=&defaultValue=false&viewType=TABLE&areaType=CTY&atch=false&datepicker-day-offset-select-dv-date-from_input=D&dateTime.dateTime=01.01.2023+00:00|CET|DAYTIMERANGE&dateTime.endDateTime=01.01.2023+00:00|CET|DAYTIMERANGE&area.values=CTY|10Y1001A1001A65H!CTY|10Y1001A1001A65H&productionType.values=B01&productionType.values=B02&productionType.values=B03&productionType.values=B04&productionType.values=B05&productionType.values=B06&productionType.values=B07&productionType.values=B08&productionType.values=B09&productionType.values=B10&productionType.values=B11&productionType.values=B12&productionType.values=B13&productionType.values=B14&productionType.values=B20&productionType.values=B15&productionType.values=B16&productionType.values=B17&productionType.values=B18&productionType.values=B19&showConsumption.values=SHOW_CONSUMPTION&dateTime.timezone=CET_CEST&dateTime.timezone_input=CET+(UTC+1)+/+CEST+(UTC+2),CET+(UTC+1)+/+CEST+(UTC+2),2023,UTC,https://transparency.entsoe.eu/generation/r2/actualGenerationPerProductionType/show?name=&defaultValue=false&viewType=TABLE&areaType=CTY&atch=false&datepicker-day-offset-select-dv-date-from_input=D&dateTime.dateTime=01.01.2023+00:00|UTC|DAYTIMERANGE&dateTime.endDateTime=01.01.2023+00:00|UTC|DAYTIMERANGE&area.values=CTY|10Y1001A1001A65H!CTY|10Y1001A1001A65H&productionType.values=B01&productionType.values=B02&productionType.values=B03&productionType.values=B04&productionType.values=B05&productionType.values=B06&productionType.values=B07&productionType.values=B08&productionType.values=B09&productionType.values=B10&productionType.values=B11&productionType.values=B12&productionType.values=B13&productionType.values=B14&productionType.values=B20&productionType.values=B15&productionType.values=B16&productionType.values=B17&productionType.values=B18&productionType.values=B19&showConsumption.values=SHOW_CONSUMPTION&dateTime.timezone=UTC&dateTime.timezone_input=UTC,CTY|10Y1001A1001A65H!CTY|10Y1001A1001A65H,/home/ray/Dispa-SET_Unleash/RawData/AvailabiltyFactors/DK,/home/ray/Dispa-SET_Unleash/RawData/AvailabiltyFactors/DK/DK_UTC.csv
Estonia,EE,https://transparency.entsoe.eu/generation/r2/actualGenerationPerProductionType/show?name=&defaultValue=false&viewType=TABLE&areaType=CTY&atch=false&datepicker-day-offset-select-dv-date-from_input=D&dateTime.dateTime=01.01.2023+00:00|EET|DAYTIMERANGE&dateTime.endDateTime=01.01.2023+00:00|EET|DAYTIMERANGE&area.values=CTY|10Y1001A1001A39I!CTY|10Y1001A1001A39I&productionType.values=B01&productionType.values=B02&productionType.values=B03&productionType.values=B04&productionType.values=B05&productionType.values=B06&productionType.values=B07&productionType.values=B08&productionType.values=B09&productionType.values=B10&productionType.values=B11&productionType.values=B12&productionType.values=B13&productionType.values=B14&productionType.values=B20&productionType.values=B15&productionType.values=B16&productionType.values=B17&productionType.values=B18&productionType.values=B19&showConsumption.values=SHOW_CONSUMPTION&dateTime.timezone=EET_EEST&dateTime.timezone_input=EET+(UTC+2)+/+EEST+(UTC+3),EET+(UTC+2)+/+EEST+(UTC+3),2023,UTC,https://transparency.entsoe.eu/generation/r2/actualGenerationPerProductionType/show?name=&defaultValue=false&viewType=TABLE&areaType=CTY&atch=false&datepicker-day-offset-select-dv-date-from_input=D&dateTime.dateTime=01.01.2023+00:00|UTC|DAYTIMERANGE&dateTime.endDateTime=01.01.2023+00:00|UTC|DAYTIMERANGE&area.values=CTY|10Y1001A1001A83F!CTY|10Y1001A1001A83F&productionType.values=B01&productionType.values=B02&productionType.values=B03&productionType.values=B04&productionType.values=B05&productionType.values=B06&productionType.values=B07&productionType.values=B08&productionType.values=B09&productionType.values=B10&productionType.values=B11&productionType.values=B12&productionType.values=B13&productionType.values=B14&productionType.values=B20&productionType.values=B15&productionType.values=B16&productionType.values=B17&productionType.values=B18&productionType.values=B19&showConsumption.values=SHOW_CONSUMPTION&dateTime.timezone=UTC&dateTime.timezone_input=UTC,CTY|10Y1001A1001A83F!CTY|10Y1001A1001A83F,/home/ray/Dispa-SET_Unleash/RawData/AvailabiltyFactors/EE,/home/ray/Dispa-SET_Unleash/RawData/AvailabiltyFactors/EE/EE_UTC.csv
Greece,EL,https://transparency.entsoe.eu/generation/r2/actualGenerationPerProductionType/show?name=&defaultValue=false&viewType=TABLE&areaType=CTY&atch=false&datepicker-day-offset-select-dv-date-from_input=D&dateTime.dateTime=01.01.2023+00:00|EET|DAYTIMERANGE&dateTime.endDateTime=01.01.2023+00:00|EET|DAYTIMERANGE&area.values=CTY|10YGR-HTSO-----Y!CTY|10YGR-HTSO-----Y&productionType.values=B01&productionType.values=B02&productionType.values=B03&productionType.values=B04&productionType.values=B05&productionType.values=B06&productionType.values=B07&productionType.values=B08&productionType.values=B09&productionType.values=B10&productionType.values=B11&productionType.values=B12&productionType.values=B13&productionType.values=B14&productionType.values=B20&productionType.values=B15&productionType.values=B16&productionType.values=B17&productionType.values=B18&productionType.values=B19&showConsumption.values=SHOW_CONSUMPTION&dateTime.timezone=EET_EEST&dateTime.timezone_input=EET+(UTC+2)+/+EEST+(UTC+3),EET+(UTC+2)+/+EEST+(UTC+3),2023,UTC,https://transparency.entsoe.eu/generation/r2/actualGenerationPerProductionType/show?name=&defaultValue=false&viewType=TABLE&areaType=CTY&atch=false&datepicker-day-offset-select-dv-date-from_input=D&dateTime.dateTime=01.01.2023+00:00|UTC|DAYTIMERANGE&dateTime.endDateTime=01.01.2023+00:00|UTC|DAYTIMERANGE&area.values=CTY|10YGR-HTSO-----Y!CTY|10YGR-HTSO-----Y&productionType.values=B01&productionType.values=B02&productionType.values=B03&productionType.values=B04&productionType.values=B05&productionType.values=B06&productionType.values=B07&productionType.values=B08&productionType.values=B09&productionType.values=B10&productionType.values=B11&productionType.values=B12&productionType.values=B13&productionType.values=B14&productionType.values=B20&productionType.values=B15&productionType.values=B16&productionType.values=B17&productionType.values=B18&productionType.values=B19&showConsumption.values=SHOW_CONSUMPTION&dateTime.timezone=UTC&dateTime.timezone_input=UTC,CTY|10YGR-HTSO-----Y!CTY|10YGR-HTSO-----Y,/home/ray/Dispa-SET_Unleash/RawData/AvailabiltyFactors/EL,/home/ray/Dispa-SET_Unleash/RawData/AvailabiltyFactors/EL/EL_UTC.csv
Spain,ES,https://transparency.entsoe.eu/generation/r2/actualGenerationPerProductionType/show?name=&defaultValue=false&viewType=TABLE&areaType=CTY&atch=false&datepicker-day-offset-select-dv-date-from_input=D&dateTime.dateTime=01.01.2023+00:00|CET|DAYTIMERANGE&dateTime.endDateTime=01.01.2023+00:00|CET|DAYTIMERANGE&area.values=CTY|10YES-REE------0!CTY|10YES-REE------0&productionType.values=B01&productionType.values=B02&productionType.values=B03&productionType.values=B04&productionType.values=B05&productionType.values=B06&productionType.values=B07&productionType.values=B08&productionType.values=B09&productionType.values=B10&productionType.values=B11&productionType.values=B12&productionType.values=B13&productionType.values=B14&productionType.values=B20&productionType.values=B15&productionType.values=B16&productionType.values=B17&productionType.values=B18&productionType.values=B19&showConsumption.values=SHOW_CONSUMPTION&dateTime.timezone=CET_CEST&dateTime.timezone_input=CET+(UTC+1)+/+CEST+(UTC+2),CET+(UTC+1)+/+CEST+(UTC+2),2023,UTC,https://transparency.entsoe.eu/generation/r2/actualGenerationPerProductionType/show?name=&defaultValue=false&viewType=TABLE&areaType=CTY&atch=false&datepicker-day-offset-select-dv-date-from_input=D&dateTime.dateTime=01.01.2023+00:00|UTC|DAYTIMERANGE&dateTime.endDateTime=01.01.2023+00:00|UTC|DAYTIMERANGE&area.values=CTY|10YES-REE------0!CTY|10YES-REE------0&productionType.values=B01&productionType.values=B02&productionType.values=B03&productionType.values=B04&productionType.values=B05&productionType.values=B06&productionType.values=B07&productionType.values=B08&productionType.values=B09&productionType.values=B10&productionType.values=B11&productionType.values=B12&productionType.values=B13&productionType.values=B14&productionType.values=B20&productionType.values=B15&productionType.values=B16&productionType.values=B17&productionType.values=B18&productionType.values=B19&showConsumption.values=SHOW_CONSUMPTION&dateTime.timezone=UTC&dateTime.timezone_input=UTC,CTY|10YES-REE------0!CTY|10YES-REE------0,/home/ray/Dispa-SET_Unleash/RawData/AvailabiltyFactors/ES,/home/ray/Dispa-SET_Unleash/RawData/AvailabiltyFactors/ES/ES_UTC.csv
Finland,FI,https://transparency.entsoe.eu/generation/r2/actualGenerationPerProductionType/show?name=&defaultValue=false&viewType=TABLE&areaType=CTY&atch=false&datepicker-day-offset-select-dv-date-from_input=D&dateTime.dateTime=01.01.2023+00:00|EET|DAYTIMERANGE&dateTime.endDateTime=01.01.2023+00:00|EET|DAYTIMERANGE&area.values=CTY|10YFI-1--------U!CTY|10YFI-1--------U&productionType.values=B01&productionType.values=B02&productionType.values=B03&productionType.values=B04&productionType.values=B05&productionType.values=B06&productionType.values=B07&productionType.values=B08&productionType.values=B09&productionType.values=B10&productionType.values=B11&productionType.values=B12&productionType.values=B13&productionType.values=B14&productionType.values=B20&productionType.values=B15&productionType.values=B16&productionType.values=B17&productionType.values=B18&productionType.values=B19&showConsumption.values=SHOW_CONSUMPTION&dateTime.timezone=EET_EEST&dateTime.timezone_input=EET+(UTC+2)+/+EEST+(UTC+3),EET+(UTC+2)+/+EEST+(UTC+3),2023,UTC,https://transparency.entsoe.eu/generation/r2/actualGenerationPerProductionType/show?name=&defaultValue=false&viewType=TABLE&areaType=CTY&atch=false&datepicker-day-offset-select-dv-date-from_input=D&dateTime.dateTime=01.01.2023+00:00|UTC|DAYTIMERANGE&dateTime.endDateTime=01.01.2023+00:00|UTC|DAYTIMERANGE&area.values=CTY|10YFI-1--------U!CTY|10YFI-1--------U&productionType.values=B01&productionType.values=B02&productionType.values=B03&productionType.values=B04&productionType.values=B05&productionType.values=B06&productionType.values=B07&productionType.values=B08&productionType.values=B09&productionType.values=B10&productionType.values=B11&productionType.values=B12&productionType.values=B13&productionType.values=B14&productionType.values=B20&productionType.values=B15&productionType.values=B16&productionType.values=B17&productionType.values=B18&productionType.values=B19&showConsumption.values=SHOW_CONSUMPTION&dateTime.timezone=UTC&dateTime.timezone_input=UTC,CTY|10YFI-1--------U!CTY|10YFI-1--------U,/home/ray/Dispa-SET_Unleash/RawData/AvailabiltyFactors/FI,/home/ray/Dispa-SET_Unleash/RawData/AvailabiltyFactors/FI/FI_UTC.csv
France,FR,https://transparency.entsoe.eu/generation/r2/actualGenerationPerProductionType/show?name=&defaultValue=false&viewType=TABLE&areaType=CTY&atch=false&datepicker-day-offset-select-dv-date-from_input=D&dateTime.dateTime=01.01.2023+00:00|CET|DAYTIMERANGE&dateTime.endDateTime=01.01.2023+00:00|CET|DAYTIMERANGE&area.values=CTY|10YFR-RTE------C!CTY|10YFR-RTE------C&productionType.values=B01&productionType.values=B02&productionType.values=B03&productionType.values=B04&productionType.values=B05&productionType.values=B06&productionType.values=B07&productionType.values=B08&productionType.values=B09&productionType.values=B10&productionType.values=B11&productionType.values=B12&productionType.values=B13&productionType.values=B14&productionType.values=B20&productionType.values=B15&productionType.values=B16&productionType.values=B17&productionType.values=B18&productionType.values=B19&showConsumption.values=SHOW_CONSUMPTION&dateTime.timezone=CET_CEST&dateTime.timezone_input=CET+(UTC+1)+/+CEST+(UTC+2),CET+(UTC+1)+/+CEST+(UTC+2),2023,UTC,https://transparency.entsoe.eu/generation/r2/actualGenerationPerProductionType/show?name=&defaultValue=false&viewType=TABLE&areaType=CTY&atch=false&datepicker-day-offset-select-dv-date-from_input=D&dateTime.dateTime=01.01.2023+00:00|UTC|DAYTIMERANGE&dateTime.endDateTime=01.01.2023+00:00|UTC|DAYTIMERANGE&area.values=CTY|10YFR-RTE------C!CTY|10YFR-RTE------C&productionType.values=B01&productionType.values=B02&productionType.values=B03&productionType.values=B04&productionType.values=B05&productionType.values=B06&productionType.values=B07&productionType.values=B08&productionType.values=B09&productionType.values=B10&productionType.values=B11&productionType.values=B12&productionType.values=B13&productionType.values=B14&productionType.values=B20&productionType.values=B15&productionType.values=B16&productionType.values=B17&productionType.values=B18&productionType.values=B19&showConsumption.values=SHOW_CONSUMPTION&dateTime.timezone=UTC&dateTime.timezone_input=UTC,CTY|10YFR-RTE------C!CTY|10YFR-RTE------C,/home/ray/Dispa-SET_Unleash/RawData/AvailabiltyFactors/FR,/home/ray/Dispa-SET_Unleash/RawData/AvailabiltyFactors/FR/FR_UTC.csv
Croatia,HR,https://transparency.entsoe.eu/generation/r2/actualGenerationPerProductionType/show?name=&defaultValue=false&viewType=TABLE&areaType=CTY&atch=false&datepicker-day-offset-select-dv-date-from_input=D&dateTime.dateTime=01.01.2023+00:00|CET|DAYTIMERANGE&dateTime.endDateTime=01.01.2023+00:00|CET|DAYTIMERANGE&area.values=CTY|10YHR-HEP------M!CTY|10YHR-HEP------M&productionType.values=B01&productionType.values=B02&productionType.values=B03&productionType.values=B04&productionType.values=B05&productionType.values=B06&productionType.values=B07&productionType.values=B08&productionType.values=B09&productionType.values=B10&productionType.values=B11&productionType.values=B12&productionType.values=B13&productionType.values=B14&productionType.values=B20&productionType.values=B15&productionType.values=B16&productionType.values=B17&productionType.values=B18&productionType.values=B19&showConsumption.values=SHOW_CONSUMPTION&dateTime.timezone=CET_CEST&dateTime.timezone_input=CET+(UTC+1)+/+CEST+(UTC+2),CET+(UTC+1)+/+CEST+(UTC+2),2023,UTC,https://transparency.entsoe.eu/generation/r2/actualGenerationPerProductionType/show?name=&defaultValue=false&viewType=TABLE&areaType=CTY&atch=false&datepicker-day-offset-select-dv-date-from_input=D&dateTime.dateTime=01.01.2023+00:00|UTC|DAYTIMERANGE&dateTime.endDateTime=01.01.2023+00:00|UTC|DAYTIMERANGE&area.values=CTY|10YHR-HEP------M!CTY|10YHR-HEP------M&productionType.values=B01&productionType.values=B02&productionType.values=B03&productionType.values=B04&productionType.values=B05&productionType.values=B06&productionType.values=B07&productionType.values=B08&productionType.values=B09&productionType.values=B10&productionType.values=B11&productionType.values=B12&productionType.values=B13&productionType.values=B14&productionType.values=B20&productionType.values=B15&productionType.values=B16&productionType.values=B17&productionType.values=B18&productionType.values=B19&showConsumption.values=SHOW_CONSUMPTION&dateTime.timezone=UTC&dateTime.timezone_input=UTC,CTY|10YHR-HEP------M!CTY|10YHR-HEP------M,/home/ray/Dispa-SET_Unleash/RawData/AvailabiltyFactors/HR,/home/ray/Dispa-SET_Unleash/RawData/AvailabiltyFactors/HR/HR_UTC.csv
Hungary,HU,https://transparency.entsoe.eu/generation/r2/actualGenerationPerProductionType/show?name=&defaultValue=false&viewType=TABLE&areaType=CTY&atch=false&datepicker-day-offset-select-dv-date-from_input=D&dateTime.dateTime=01.01.2023+00:00|CET|DAYTIMERANGE&dateTime.endDateTime=01.01.2023+00:00|CET|DAYTIMERANGE&area.values=CTY|10YHU-MAVIR----U!CTY|10YHU-MAVIR----U&productionType.values=B01&productionType.values=B02&productionType.values=B03&productionType.values=B04&productionType.values=B05&productionType.values=B06&productionType.values=B07&productionType.values=B08&productionType.values=B09&productionType.values=B10&productionType.values=B11&productionType.values=B12&productionType.values=B13&productionType.values=B14&productionType.values=B20&productionType.values=B15&productionType.values=B16&productionType.values=B17&productionType.values=B18&productionType.values=B19&showConsumption.values=SHOW_CONSUMPTION&dateTime.timezone=CET_CEST&dateTime.timezone_input=CET+(UTC+1)+/+CEST+(UTC+2),CET+(UTC+1)+/+CEST+(UTC+2),2023,UTC,https://transparency.entsoe.eu/generation/r2/actualGenerationPerProductionType/show?name=&defaultValue=false&viewType=TABLE&areaType=CTY&atch=false&datepicker-day-offset-select-dv-date-from_input=D&dateTime.dateTime=01.01.2023+00:00|UTC|DAYTIMERANGE&dateTime.endDateTime=01.01.2023+00:00|UTC|DAYTIMERANGE&area.values=CTY|10YHU-MAVIR----U!CTY|10YHU-MAVIR----U&productionType.values=B01&productionType.values=B02&productionType.values=B03&productionType.values=B04&productionType.values=B05&productionType.values=B06&productionType.values=B07&productionType.values=B08&productionType.values=B09&productionType.values=B10&productionType.values=B11&productionType.values=B12&productionType.values=B13&productionType.values=B14&productionType.values=B20&productionType.values=B15&productionType.values=B16&productionType.values=B17&productionType.values=B18&productionType.values=B19&showConsumption.values=SHOW_CONSUMPTION&dateTime.timezone=UTC&dateTime.timezone_input=UTC,CTY|10YHU-MAVIR----U!CTY|10YHU-MAVIR----U,/home/ray/Dispa-SET_Unleash/RawData/AvailabiltyFactors/HU,/home/ray/Dispa-SET_Unleash/RawData/AvailabiltyFactors/HU/HU_UTC.csv
Ireland,IE,https://transparency.entsoe.eu/generation/r2/actualGenerationPerProductionType/show?name=&defaultValue=false&viewType=TABLE&areaType=CTY&atch=false&datepicker-day-offset-select-dv-date-from_input=D&dateTime.dateTime=01.01.2023+00:00|CET|DAYTIMERANGE&dateTime.endDateTime=01.01.2023+00:00|CET|DAYTIMERANGE&area.values=CTY|10YIE-1001A00010!CTY|10YIE-1001A00010&productionType.values=B01&productionType.values=B02&productionType.values=B03&productionType.values=B04&productionType.values=B05&productionType.values=B06&productionType.values=B07&productionType.values=B08&productionType.values=B09&productionType.values=B10&productionType.values=B11&productionType.values=B12&productionType.values=B13&productionType.values=B14&productionType.values=B20&productionType.values=B15&productionType.values=B16&productionType.values=B17&productionType.values=B18&productionType.values=B19&showConsumption.values=SHOW_CONSUMPTION&dateTime.timezone=CET_CEST&dateTime.timezone_input=CET+(UTC+1)+/+CEST+(UTC+2),CET+(UTC+1)+/+CEST+(UTC+2),2023,UTC,https://transparency.entsoe.eu/generation/r2/actualGenerationPerProductionType/show?name=&defaultValue=false&viewType=TABLE&areaType=CTY&atch=false&datepicker-day-offset-select-dv-date-from_input=D&dateTime.dateTime=01.01.2023+00:00|UTC|DAYTIMERANGE&dateTime.endDateTime=01.01.2023+00:00|UTC|DAYTIMERANGE&area.values=CTY|10YIE-1001A00010!CTY|10YIE-1001A00010&productionType.values=B01&productionType.values=B02&productionType.values=B03&productionType.values=B04&productionType.values=B05&productionType.values=B06&productionType.values=B07&productionType.values=B08&productionType.values=B09&productionType.values=B10&productionType.values=B11&productionType.values=B12&productionType.values=B13&productionType.values=B14&productionType.values=B20&productionType.values=B15&productionType.values=B16&productionType.values=B17&productionType.values=B18&productionType.values=B19&showConsumption.values=SHOW_CONSUMPTION&dateTime.timezone=UTC&dateTime.timezone_input=UTC,CTY|10YIE-1001A00010!CTY|10YIE-1001A00010,/home/ray/Dispa-SET_Unleash/RawData/AvailabiltyFactors/IE,/home/ray/Dispa-SET_Unleash/RawData/AvailabiltyFactors/IE/IE_UTC.csv
Italy,IT,https://transparency.entsoe.eu/generation/r2/actualGenerationPerProductionType/show?name=&defaultValue=false&viewType=TABLE&areaType=CTY&atch=false&datepicker-day-offset-select-dv-date-from_input=D&dateTime.dateTime=01.01.2023+00:00|CET|DAYTIMERANGE&dateTime.endDateTime=01.01.2023+00:00|CET|DAYTIMERANGE&area.values=CTY|10YIT-GRTN-----B!CTY|10YIT-GRTN-----B&productionType.values=B01&productionType.values=B02&productionType.values=B03&productionType.values=B04&productionType.values=B05&productionType.values=B06&productionType.values=B07&productionType.values=B08&productionType.values=B09&productionType.values=B10&productionType.values=B11&productionType.values=B12&productionType.values=B13&productionType.values=B14&productionType.values=B20&productionType.values=B15&productionType.values=B16&productionType.values=B17&productionType.values=B18&productionType.values=B19&showConsumption.values=SHOW_CONSUMPTION&dateTime.timezone=CET_CEST&dateTime.timezone_input=CET+(UTC+1)+/+CEST+(UTC+2),CET+(UTC+1)+/+CEST+(UTC+2),2023,UTC,https://transparency.entsoe.eu/generation/r2/actualGenerationPerProductionType/show?name=&defaultValue=false&viewType=TABLE&areaType=CTY&atch=false&datepicker-day-offset-select-dv-date-from_input=D&dateTime.dateTime=01.01.2023+00:00|UTC|DAYTIMERANGE&dateTime.endDateTime=01.01.2023+00:00|UTC|DAYTIMERANGE&area.values=CTY|10YIT-GRTN-----B!CTY|10YIT-GRTN-----B&productionType.values=B01&productionType.values=B02&productionType.values=B03&productionType.values=B04&productionType.values=B05&productionType.values=B06&productionType.values=B07&productionType.values=B08&productionType.values=B09&productionType.values=B10&productionType.values=B11&productionType.values=B12&productionType.values=B13&productionType.values=B14&productionType.values=B20&productionType.values=B15&productionType.values=B16&productionType.values=B17&productionType.values=B18&productionType.values=B19&showConsumption.values=SHOW_CONSUMPTION&dateTime.timezone=UTC&dateTime.timezone_input=UTC,CTY|10YIT-GRTN-----B!CTY|10YIT-GRTN-----B,/home/ray/Dispa-SET_Unleash/RawData/AvailabiltyFactors/IT,/home/ray/Dispa-SET_Unleash/RawData/AvailabiltyFactors/IT/IT_UTC.csv
Lithuania,LT,https://transparency.entsoe.eu/generation/r2/actualGenerationPerProductionType/show?name=&defaultValue=false&viewType=TABLE&areaType=CTY&atch=false&datepicker-day-offset-select-dv-date-from_input=D&dateTime.dateTime=01.01.2023+00:00|EET|DAYTIMERANGE&dateTime.endDateTime=01.01.2023+00:00|EET|DAYTIMERANGE&area.values=CTY|10YLT-1001A0008Q!CTY|10YLT-1001A0008Q&productionType.values=B01&productionType.values=B02&productionType.values=B03&productionType.values=B04&productionType.values=B05&productionType.values=B06&productionType.values=B07&productionType.values=B08&productionType.values=B09&productionType.values=B10&productionType.values=B11&productionType.values=B12&productionType.values=B13&productionType.values=B14&productionType.values=B20&productionType.values=B15&productionType.values=B16&productionType.values=B17&productionType.values=B18&productionType.values=B19&showConsumption.values=SHOW_CONSUMPTION&dateTime.timezone=EET_EEST&dateTime.timezone_input=EET+(UTC+2)+/+EEST+(UTC+3),EET+(UTC+2)+/+EEST+(UTC+3),2023,UTC,https://transparency.entsoe.eu/generation/r2/actualGenerationPerProductionType/show?name=&defaultValue=false&viewType=TABLE&areaType=CTY&atch=false&datepicker-day-offset-select-dv-date-from_input=D&dateTime.dateTime=01.01.2023+00:00|UTC|DAYTIMERANGE&dateTime.endDateTime=01.01.2023+00:00|UTC|DAYTIMERANGE&area.values=CTY|10YLT-1001A0008Q!CTY|10YLT-1001A0008Q&productionType.values=B01&productionType.values=B02&productionType.values=B03&productionType.values=B04&productionType.values=B05&productionType.values=B06&productionType.values=B07&productionType.values=B08&productionType.values=B09&productionType.values=B10&productionType.values=B11&productionType.values=B12&productionType.values=B13&productionType.values=B14&productionType.values=B20&productionType.values=B15&productionType.values=B16&productionType.values=B17&productionType.values=B18&productionType.values=B19&showConsumption.values=SHOW_CONSUMPTION&dateTime.timezone=UTC&dateTime.timezone_input=UTC,CTY|10YLT-1001A0008Q!CTY|10YLT-1001A0008Q,/home/ray/Dispa-SET_Unleash/RawData/AvailabiltyFactors/LT,/home/ray/Dispa-SET_Unleash/RawData/AvailabiltyFactors/LT/LT_UTC.csv
Luxembourg,LU,https://transparency.entsoe.eu/generation/r2/actualGenerationPerProductionType/show?name=&defaultValue=false&viewType=TABLE&areaType=CTY&atch=false&datepicker-day-offset-select-dv-date-from_input=D&dateTime.dateTime=01.01.2023+00:00|CET|DAYTIMERANGE&dateTime.endDateTime=01.01.2023+00:00|CET|DAYTIMERANGE&area.values=CTY|10YLU-CEGEDEL-NQ!CTY|10YLU-CEGEDEL-NQ&productionType.values=B01&productionType.values=B02&productionType.values=B03&productionType.values=B04&productionType.values=B05&productionType.values=B06&productionType.values=B07&productionType.values=B08&productionType.values=B09&productionType.values=B10&productionType.values=B11&productionType.values=B12&productionType.values=B13&productionType.values=B14&productionType.values=B20&productionType.values=B15&productionType.values=B16&productionType.values=B17&productionType.values=B18&productionType.values=B19&showConsumption.values=SHOW_CONSUMPTION&dateTime.timezone=CET_CEST&dateTime.timezone_input=CET+(UTC+1)+/+CEST+(UTC+2),CET+(UTC+1)+/+CEST+(UTC+2),2023,UTC,https://transparency.entsoe.eu/generation/r2/actualGenerationPerProductionType/show?name=&defaultValue=false&viewType=TABLE&areaType=CTY&atch=false&datepicker-day-offset-select-dv-date-from_input=D&dateTime.dateTime=01.01.2023+00:00|UTC|DAYTIMERANGE&dateTime.endDateTime=01.01.2023+00:00|UTC|DAYTIMERANGE&area.values=CTY|10YLU-CEGEDEL-NQ!CTY|10YLU-CEGEDEL-NQ&productionType.values=B01&productionType.values=B02&productionType.values=B03&productionType.values=B04&productionType.values=B05&productionType.values=B06&productionType.values=B07&productionType.values=B08&productionType.values=B09&productionType.values=B10&productionType.values=B11&productionType.values=B12&productionType.values=B13&productionType.values=B14&productionType.values=B20&productionType.values=B15&productionType.values=B16&productionType.values=B17&productionType.values=B18&productionType.values=B19&showConsumption.values=SHOW_CONSUMPTION&dateTime.timezone=UTC&dateTime.timezone_input=UTC,CTY|10YLU-CEGEDEL-NQ!CTY|10YLU-CEGEDEL-NQ,/home/ray/Dispa-SET_Unleash/RawData/AvailabiltyFactors/LU,/home/ray/Dispa-SET_Unleash/RawData/AvailabiltyFactors/LU/LU_UTC.csv
Latvia,LV,https://transparency.entsoe.eu/generation/r2/actualGenerationPerProductionType/show?name=&defaultValue=false&viewType=TABLE&areaType=CTY&atch=false&datepicker-day-offset-select-dv-date-from_input=D&dateTime.dateTime=01.01.2023+00:00|EET|DAYTIMERANGE&dateTime.endDateTime=01.01.2023+00:00|EET|DAYTIMERANGE&area.values=CTY|10YLV-1001A00074!CTY|10YLV-1001A00074&productionType.values=B01&productionType.values=B02&productionType.values=B03&productionType.values=B04&productionType.values=B05&productionType.values=B06&productionType.values=B07&productionType.values=B08&productionType.values=B09&productionType.values=B10&productionType.values=B11&productionType.values=B12&productionType.values=B13&productionType.values=B14&productionType.values=B20&productionType.values=B15&productionType.values=B16&productionType.values=B17&productionType.values=B18&productionType.values=B19&showConsumption.values=SHOW_CONSUMPTION&dateTime.timezone=EET_EEST&dateTime.timezone_input=EET+(UTC+2)+/+EEST+(UTC+3),EET+(UTC+2)+/+EEST+(UTC+3),2023,UTC,https://transparency.entsoe.eu/generation/r2/actualGenerationPerProductionType/show?name=&defaultValue=false&viewType=TABLE&areaType=CTY&atch=false&datepicker-day-offset-select-dv-date-from_input=D&dateTime.dateTime=01.01.2023+00:00|UTC|DAYTIMERANGE&dateTime.endDateTime=01.01.2023+00:00|UTC|DAYTIMERANGE&area.values=CTY|10YLV-1001A00074!CTY|10YLV-1001A00074&productionType.values=B01&productionType.values=B02&productionType.values=B03&productionType.values=B04&productionType.values=B05&productionType.values=B06&productionType.values=B07&productionType.values=B08&productionType.values=B09&productionType.values=B10&productionType.values=B11&productionType.values=B12&productionType.values=B13&productionType.values=B14&productionType.values=B20&productionType.values=B15&productionType.values=B16&productionType.values=B17&productionType.values=B18&productionType.values=B19&showConsumption.values=SHOW_CONSUMPTION&dateTime.timezone=UTC&dateTime.timezone_input=UTC,CTY|10YLV-1001A00074!CTY|10YLV-1001A00074,/home/ray/Dispa-SET_Unleash/RawData/AvailabiltyFactors/LV,/home/ray/Dispa-SET_Unleash/RawData/AvailabiltyFactors/LV/LV_UTC.csv
Malta,MT,https://transparency.entsoe.eu/generation/r2/actualGenerationPerProductionType/show?name=&defaultValue=false&viewType=TABLE&areaType=CTY&atch=false&datepicker-day-offset-select-dv-date-from_input=D&dateTime.dateTime=01.01.2023+00:00|CET|DAYTIMERANGE&dateTime.endDateTime=01.01.2023+00:00|CET|DAYTIMERANGE&area.values=CTY|10Y1001A1001A93C!CTY|10Y1001A1001A93C&productionType.values=B01&productionType.values=B02&productionType.values=B03&productionType.values=B04&productionType.values=B05&productionType.values=B06&productionType.values=B07&productionType.values=B08&productionType.values=B09&productionType.values=B10&productionType.values=B11&productionType.values=B12&productionType.values=B13&productionType.values=B14&productionType.values=B20&productionType.values=B15&productionType.values=B16&productionType.values=B17&productionType.values=B18&productionType.values=B19&showConsumption.values=SHOW_CONSUMPTION&dateTime.timezone=CET_CEST&dateTime.timezone_input=CET+(UTC+1)+/+CEST+(UTC+2),CET+(UTC+1)+/+CEST+(UTC+2),2023,UTC,https://transparency.entsoe.eu/generation/r2/actualGenerationPerProductionType/show?name=&defaultValue=false&viewType=TABLE&areaType=CTY&atch=false&datepicker-day-offset-select-dv-date-from_input=D&dateTime.dateTime=01.01.2023+00:00|UTC|DAYTIMERANGE&dateTime.endDateTime=01.01.2023+00:00|UTC|DAYTIMERANGE&area.values=CTY|10Y1001A1001A93C!CTY|10Y1001A1001A93C&productionType.values=B01&productionType.values=B02&productionType.values=B03&productionType.values=B04&productionType.values=B05&productionType.values=B06&productionType.values=B07&productionType.values=B08&productionType.values=B09&productionType.values=B10&productionType.values=B11&productionType.values=B12&productionType.values=B13&productionType.values=B14&productionType.values=B20&productionType.values=B15&productionType.values=B16&productionType.values=B17&productionType.values=B18&productionType.values=B19&showConsumption.values=SHOW_CONSUMPTION&dateTime.timezone=UTC&dateTime.timezone_input=UTC,CTY|10Y1001A1001A93C!CTY|10Y1001A1001A93C,/home/ray/Dispa-SET_Unleash/RawData/AvailabiltyFactors/MT,/home/ray/Dispa-SET_Unleash/RawData/AvailabiltyFactors/MT/MT_UTC.csv
Netherlands,NL,https://transparency.entsoe.eu/generation/r2/actualGenerationPerProductionType/show?name=&defaultValue=false&viewType=TABLE&areaType=CTY&atch=false&datepicker-day-offset-select-dv-date-from_input=D&dateTime.dateTime=01.01.2023+00:00|CET|DAYTIMERANGE&dateTime.endDateTime=01.01.2023+00:00|CET|DAYTIMERANGE&area.values=CTY|10YNL----------L!CTY|10YNL----------L&productionType.values=B01&productionType.values=B02&productionType.values=B03&productionType.values=B04&productionType.values=B05&productionType.values=B06&productionType.values=B07&productionType.values=B08&productionType.values=B09&productionType.values=B10&productionType.values=B11&productionType.values=B12&productionType.values=B13&productionType.values=B14&productionType.values=B20&productionType.values=B15&productionType.values=B16&productionType.values=B17&productionType.values=B18&productionType.values=B19&showConsumption.values=SHOW_CONSUMPTION&dateTime.timezone=CET_CEST&dateTime.timezone_input=CET+(UTC+1)+/+CEST+(UTC+2),CET+(UTC+1)+/+CEST+(UTC+2),2023,UTC,https://transparency.entsoe.eu/generation/r2/actualGenerationPerProductionType/show?name=&defaultValue=false&viewType=TABLE&areaType=CTY&atch=false&datepicker-day-offset-select-dv-date-from_input=D&dateTime.dateTime=01.01.2023+00:00|UTC|DAYTIMERANGE&dateTime.endDateTime=01.01.2023+00:00|UTC|DAYTIMERANGE&area.values=CTY|10YNL----------L!CTY|10YNL----------L&productionType.values=B01&productionType.values=B02&productionType.values=B03&productionType.values=B04&productionType.values=B05&productionType.values=B06&productionType.values=B07&productionType.values=B08&productionType.values=B09&productionType.values=B10&productionType.values=B11&productionType.values=B12&productionType.values=B13&productionType.values=B14&productionType.values=B20&productionType.values=B15&productionType.values=B16&productionType.values=B17&productionType.values=B18&productionType.values=B19&showConsumption.values=SHOW_CONSUMPTION&dateTime.timezone=UTC&dateTime.timezone_input=UTC,CTY|10YNL----------L!CTY|10YNL----------L,/home/ray/Dispa-SET_Unleash/RawData/AvailabiltyFactors/NL,/home/ray/Dispa-SET_Unleash/RawData/AvailabiltyFactors/NL/NL_UTC.csv
Norway,NO,https://transparency.entsoe.eu/generation/r2/actualGenerationPerProductionType/show?name=&defaultValue=false&viewType=TABLE&areaType=CTY&atch=false&datepicker-day-offset-select-dv-date-from_input=D&dateTime.dateTime=01.01.2023+00:00|CET|DAYTIMERANGE&dateTime.endDateTime=01.01.2023+00:00|CET|DAYTIMERANGE&area.values=CTY|10YNO-0--------C!CTY|10YNO-0--------C&productionType.values=B01&productionType.values=B02&productionType.values=B03&productionType.values=B04&productionType.values=B05&productionType.values=B06&productionType.values=B07&productionType.values=B08&productionType.values=B09&productionType.values=B10&productionType.values=B11&productionType.values=B12&productionType.values=B13&productionType.values=B14&productionType.values=B20&productionType.values=B15&productionType.values=B16&productionType.values=B17&productionType.values=B18&productionType.values=B19&showConsumption.values=SHOW_CONSUMPTION&dateTime.timezone=CET_CEST&dateTime.timezone_input=CET+(UTC+1)+/+CEST+(UTC+2),CET+(UTC+1)+/+CEST+(UTC+2),2023,UTC,https://transparency.entsoe.eu/generation/r2/actualGenerationPerProductionType/show?name=&defaultValue=false&viewType=TABLE&areaType=CTY&atch=false&datepicker-day-offset-select-dv-date-from_input=D&dateTime.dateTime=01.01.2023+00:00|UTC|DAYTIMERANGE&dateTime.endDateTime=01.01.2023+00:00|UTC|DAYTIMERANGE&area.values=CTY|10YNO-0--------C!CTY|10YNO-0--------C&productionType.values=B01&productionType.values=B02&productionType.values=B03&productionType.values=B04&productionType.values=B05&productionType.values=B06&productionType.values=B07&productionType.values=B08&productionType.values=B09&productionType.values=B10&productionType.values=B11&productionType.values=B12&productionType.values=B13&productionType.values=B14&productionType.values=B20&productionType.values=B15&productionType.values=B16&productionType.values=B17&productionType.values=B18&productionType.values=B19&showConsumption.values=SHOW_CONSUMPTION&dateTime.timezone=UTC&dateTime.timezone_input=UTC,CTY|10YNO-0--------C!CTY|10YNO-0--------C,/home/ray/Dispa-SET_Unleash/RawData/AvailabiltyFactors/NO,/home/ray/Dispa-SET_Unleash/RawData/AvailabiltyFactors/NO/NO_UTC.csv
Poland,PL,https://transparency.entsoe.eu/generation/r2/actualGenerationPerProductionType/show?name=&defaultValue=false&viewType=TABLE&areaType=CTY&atch=false&datepicker-day-offset-select-dv-date-from_input=D&dateTime.dateTime=01.01.2023+00:00|CET|DAYTIMERANGE&dateTime.endDateTime=01.01.2023+00:00|CET|DAYTIMERANGE&area.values=CTY|10YPL-AREA-----S!CTY|10YPL-AREA-----S&productionType.values=B01&productionType.values=B02&productionType.values=B03&productionType.values=B04&productionType.values=B05&productionType.values=B06&productionType.values=B07&productionType.values=B08&productionType.values=B09&productionType.values=B10&productionType.values=B11&productionType.values=B12&productionType.values=B13&productionType.values=B14&productionType.values=B20&productionType.values=B15&productionType.values=B16&productionType.values=B17&productionType.values=B18&productionType.values=B19&showConsumption.values=SHOW_CONSUMPTION&dateTime.timezone=CET_CEST&dateTime.timezone_input=CET+(UTC+1)+/+CEST+(UTC+2),CET+(UTC+1)+/+CEST+(UTC+2),2023,UTC,https://transparency.entsoe.eu/generation/r2/actualGenerationPerProductionType/show?name=&defaultValue=false&viewType=TABLE&areaType=CTY&atch=false&datepicker-day-offset-select-dv-date-from_input=D&dateTime.dateTime=01.01.2023+00:00|UTC|DAYTIMERANGE&dateTime.endDateTime=01.01.2023+00:00|UTC|DAYTIMERANGE&area.values=CTY|10YPL-AREA-----S!CTY|10YPL-AREA-----S&productionType.values=B01&productionType.values=B02&productionType.values=B03&productionType.values=B04&productionType.values=B05&productionType.values=B06&productionType.values=B07&productionType.values=B08&productionType.values=B09&productionType.values=B10&productionType.values=B11&productionType.values=B12&productionType.values=B13&productionType.values=B14&productionType.values=B20&productionType.values=B15&productionType.values=B16&productionType.values=B17&productionType.values=B18&productionType.values=B19&showConsumption.values=SHOW_CONSUMPTION&dateTime.timezone=UTC&dateTime.timezone_input=UTC,CTY|10YPL-AREA-----S!CTY|10YPL-AREA-----S,/home/ray/Dispa-SET_Unleash/RawData/AvailabiltyFactors/PL,/home/ray/Dispa-SET_Unleash/RawData/AvailabiltyFactors/PL/PL_UTC.csv
Portugal,PT,https://transparency.entsoe.eu/generation/r2/actualGenerationPerProductionType/show?name=&defaultValue=false&viewType=TABLE&areaType=CTY&atch=false&datepicker-day-offset-select-dv-date-from_input=D&dateTime.dateTime=01.01.2023+00:00|WET|DAYTIMERANGE&dateTime.endDateTime=01.01.2023+00:00|WET|DAYTIMERANGE&area.values=CTY|10YPT-REN------W!CTY|10YPT-REN------W&productionType.values=B01&productionType.values=B02&productionType.values=B03&productionType.values=B04&productionType.values=B05&productionType.values=B06&productionType.values=B07&productionType.values=B08&productionType.values=B09&productionType.values=B10&productionType.values=B11&productionType.values=B12&productionType.values=B13&productionType.values=B14&productionType.values=B20&productionType.values=B15&productionType.values=B16&productionType.values=B17&productionType.values=B18&productionType.values=B19&showConsumption.values=SHOW_CONSUMPTION&dateTime.timezone=WET_WEST&dateTime.timezone_input=WET+(UTC)+/+WEST+(UTC+1),WET+(UTC)+/+WEST+(UTC+1),2023,UTC,https://transparency.entsoe.eu/generation/r2/actualGenerationPerProductionType/show?name=&defaultValue=false&viewType=TABLE&areaType=CTY&atch=false&datepicker-day-offset-select-dv-date-from_input=D&dateTime.dateTime=01.01.2023+00:00|UTC|DAYTIMERANGE&dateTime.endDateTime=01.01.2023+00:00|UTC|DAYTIMERANGE&area.values=CTY|10YPL-AREA-----S!CTY|10YPL-AREA-----S&productionType.values=B01&productionType.values=B02&productionType.values=B03&productionType.values=B04&productionType.values=B05&productionType.values=B06&productionType.values=B07&productionType.values=B08&productionType.values=B09&productionType.values=B10&productionType.values=B11&productionType.values=B12&productionType.values=B13&productionType.values=B14&productionType.values=B20&productionType.values=B15&productionType.values=B16&productionType.values=B17&productionType.values=B18&productionType.values=B19&showConsumption.values=SHOW_CONSUMPTION&dateTime.timezone=UTC&dateTime.timezone_input=UTC,CTY|10YPL-AREA-----S!CTY|10YPL-AREA-----S,/home/ray/Dispa-SET_Unleash/RawData/AvailabiltyFactors/PT,/home/ray/Dispa-SET_Unleash/RawData/AvailabiltyFactors/PT/PT_UTC.csv
Romania,RO,https://transparency.entsoe.eu/generation/r2/actualGenerationPerProductionType/show?name=&defaultValue=false&viewType=TABLE&areaType=CTY&atch=false&datepicker-day-offset-select-dv-date-from_input=D&dateTime.dateTime=01.01.2023+00:00|EET|DAYTIMERANGE&dateTime.endDateTime=01.01.2023+00:00|EET|DAYTIMERANGE&area.values=CTY|10YRO-TEL------P!CTY|10YRO-TEL------P&productionType.values=B01&productionType.values=B02&productionType.values=B03&productionType.values=B04&productionType.values=B05&productionType.values=B06&productionType.values=B07&productionType.values=B08&productionType.values=B09&productionType.values=B10&productionType.values=B11&productionType.values=B12&productionType.values=B13&productionType.values=B14&productionType.values=B20&productionType.values=B15&productionType.values=B16&productionType.values=B17&productionType.values=B18&productionType.values=B19&showConsumption.values=SHOW_CONSUMPTION&dateTime.timezone=EET_EEST&dateTime.timezone_input=EET+(UTC+2)+/+EEST+(UTC+3),EET+(UTC+2)+/+EEST+(UTC+3),2023,UTC,https://transparency.entsoe.eu/generation/r2/actualGenerationPerProductionType/show?name=&defaultValue=false&viewType=TABLE&areaType=CTY&atch=false&datepicker-day-offset-select-dv-date-from_input=D&dateTime.dateTime=01.01.2023+00:00|UTC|DAYTIMERANGE&dateTime.endDateTime=01.01.2023+00:00|UTC|DAYTIMERANGE&area.values=CTY|10YRO-TEL------P!CTY|10YRO-TEL------P&productionType.values=B01&productionType.values=B02&productionType.values=B03&productionType.values=B04&productionType.values=B05&productionType.values=B06&productionType.values=B07&productionType.values=B08&productionType.values=B09&productionType.values=B10&productionType.values=B11&productionType.values=B12&productionType.values=B13&productionType.values=B14&productionType.values=B20&productionType.values=B15&productionType.values=B16&productionType.values=B17&productionType.values=B18&productionType.values=B19&showConsumption.values=SHOW_CONSUMPTION&dateTime.timezone=UTC&dateTime.timezone_input=UTC,CTY|10YRO-TEL------P!CTY|10YRO-TEL------P,/home/ray/Dispa-SET_Unleash/RawData/AvailabiltyFactors/RO,/home/ray/Dispa-SET_Unleash/RawData/AvailabiltyFactors/RO/RO_UTC.csv
Sweden,SE,https://transparency.entsoe.eu/generation/r2/actualGenerationPerProductionType/show?name=&defaultValue=false&viewType=TABLE&areaType=CTY&atch=false&datepicker-day-offset-select-dv-date-from_input=D&dateTime.dateTime=01.01.2023+00:00|CET|DAYTIMERANGE&dateTime.endDateTime=01.01.2023+00:00|CET|DAYTIMERANGE&area.values=CTY|10YSE-1--------K!CTY|10YSE-1--------K&productionType.values=B01&productionType.values=B02&productionType.values=B03&productionType.values=B04&productionType.values=B05&productionType.values=B06&productionType.values=B07&productionType.values=B08&productionType.values=B09&productionType.values=B10&productionType.values=B11&productionType.values=B12&productionType.values=B13&productionType.values=B14&productionType.values=B20&productionType.values=B15&productionType.values=B16&productionType.values=B17&productionType.values=B18&productionType.values=B19&showConsumption.values=SHOW_CONSUMPTION&dateTime.timezone=CET_CEST&dateTime.timezone_input=CET+(UTC+1)+/+CEST+(UTC+2),CET+(UTC+1)+/+CEST+(UTC+2),2023,UTC,https://transparency.entsoe.eu/generation/r2/actualGenerationPerProductionType/show?name=&defaultValue=false&viewType=TABLE&areaType=CTY&atch=false&datepicker-day-offset-select-dv-date-from_input=D&dateTime.dateTime=01.01.2023+00:00|UTC|DAYTIMERANGE&dateTime.endDateTime=01.01.2023+00:00|UTC|DAYTIMERANGE&area.values=CTY|10YSE-1--------K!CTY|10YSE-1--------K&productionType.values=B01&productionType.values=B02&productionType.values=B03&productionType.values=B04&productionType.values=B05&productionType.values=B06&productionType.values=B07&productionType.values=B08&productionType.values=B09&productionType.values=B10&productionType.values=B11&productionType.values=B12&productionType.values=B13&productionType.values=B14&productionType.values=B20&productionType.values=B15&productionType.values=B16&productionType.values=B17&productionType.values=B18&productionType.values=B19&showConsumption.values=SHOW_CONSUMPTION&dateTime.timezone=UTC&dateTime.timezone_input=UTC,CTY|10YSE-1--------K!CTY|10YSE-1--------K,/home/ray/Dispa-SET_Unleash/RawData/AvailabiltyFactors/SE,/home/ray/Dispa-SET_Unleash/RawData/AvailabiltyFactors/SE/SE_UTC.csv
Slovenia,SI,https://transparency.entsoe.eu/generation/r2/actualGenerationPerProductionType/show?name=&defaultValue=false&viewType=TABLE&areaType=CTY&atch=false&datepicker-day-offset-select-dv-date-from_input=D&dateTime.dateTime=01.01.2023+00:00|CET|DAYTIMERANGE&dateTime.endDateTime=01.01.2023+00:00|CET|DAYTIMERANGE&area.values=CTY|10YSI-ELES-----O!CTY|10YSI-ELES-----O&productionType.values=B01&productionType.values=B02&productionType.values=B03&productionType.values=B04&productionType.values=B05&productionType.values=B06&productionType.values=B07&productionType.values=B08&productionType.values=B09&productionType.values=B10&productionType.values=B11&productionType.values=B12&productionType.values=B13&productionType.values=B14&productionType.values=B20&productionType.values=B15&productionType.values=B16&productionType.values=B17&productionType.values=B18&productionType.values=B19&showConsumption.values=SHOW_CONSUMPTION&dateTime.timezone=CET_CEST&dateTime.timezone_input=CET+(UTC+1)+/+CEST+(UTC+2),CET+(UTC+1)+/+CEST+(UTC+2),2023,UTC,https://transparency.entsoe.eu/generation/r2/actualGenerationPerProductionType/show?name=&defaultValue=false&viewType=TABLE&areaType=CTY&atch=false&datepicker-day-offset-select-dv-date-from_input=D&dateTime.dateTime=01.01.2023+00:00|UTC|DAYTIMERANGE&dateTime.endDateTime=01.01.2023+00:00|UTC|DAYTIMERANGE&area.values=CTY|10YSI-ELES-----O!CTY|10YSI-ELES-----O&productionType.values=B01&productionType.values=B02&productionType.values=B03&productionType.values=B04&productionType.values=B05&productionType.values=B06&productionType.values=B07&productionType.values=B08&productionType.values=B09&productionType.values=B10&productionType.values=B11&productionType.values=B12&productionType.values=B13&productionType.values=B14&productionType.values=B20&productionType.values=B15&productionType.values=B16&productionType.values=B17&productionType.values=B18&productionType.values=B19&showConsumption.values=SHOW_CONSUMPTION&dateTime.timezone=UTC&dateTime.timezone_input=UTC,CTY|10YSI-ELES-----O!CTY|10YSI-ELES-----O,/home/ray/Dispa-SET_Unleash/RawData/AvailabiltyFactors/SI,/home/ray/Dispa-SET_Unleash/RawData/AvailabiltyFactors/SI/SI_UTC.csv
Slovakia,SK,https://transparency.entsoe.eu/generation/r2/actualGenerationPerProductionType/show?name=&defaultValue=false&viewType=TABLE&areaType=CTY&atch=false&datepicker-day-offset-select-dv-date-from_input=D&dateTime.dateTime=01.01.2023+00:00|CET|DAYTIMERANGE&dateTime.endDateTime=01.01.2023+00:00|CET|DAYTIMERANGE&area.values=CTY|10YSK-SEPS-----K!CTY|10YSK-SEPS-----K&productionType.values=B01&productionType.values=B02&productionType.values=B03&productionType.values=B04&productionType.values=B05&productionType.values=B06&productionType.values=B07&productionType.values=B08&productionType.values=B09&productionType.values=B10&productionType.values=B11&productionType.values=B12&productionType.values=B13&productionType.values=B14&productionType.values=B20&productionType.values=B15&productionType.values=B16&productionType.values=B17&productionType.values=B18&productionType.values=B19&showConsumption.values=SHOW_CONSUMPTION&dateTime.timezone=CET_CEST&dateTime.timezone_input=CET+(UTC+1)+/+CEST+(UTC+2),CET+(UTC+1)+/+CEST+(UTC+2),2023,UTC,https://transparency.entsoe.eu/generation/r2/actualGenerationPerProductionType/show?name=&defaultValue=false&viewType=TABLE&areaType=CTY&atch=false&datepicker-day-offset-select-dv-date-from_input=D&dateTime.dateTime=01.01.2023+00:00|UTC|DAYTIMERANGE&dateTime.endDateTime=01.01.2023+00:00|UTC|DAYTIMERANGE&area.values=CTY|10YSK-SEPS-----K!CTY|10YSK-SEPS-----K&productionType.values=B01&productionType.values=B02&productionType.values=B03&productionType.values=B04&productionType.values=B05&productionType.values=B06&productionType.values=B07&productionType.values=B08&productionType.values=B09&productionType.values=B10&productionType.values=B11&productionType.values=B12&productionType.values=B13&productionType.values=B14&productionType.values=B20&productionType.values=B15&productionType.values=B16&productionType.values=B17&productionType.values=B18&productionType.values=B19&showConsumption.values=SHOW_CONSUMPTION&dateTime.timezone=UTC&dateTime.timezone_input=UTC,CTY|10YSK-SEPS-----K!CTY|10YSK-SEPS-----K,/home/ray/Dispa-SET_Unleash/RawData/AvailabiltyFactors/SK,/home/ray/Dispa-SET_Unleash/RawData/AvailabiltyFactors/SK/SK_UTC.csv
United Kingdom,UK,https://transparency.entsoe.eu/generation/r2/actualGenerationPerProductionType/show?name=&defaultValue=false&viewType=TABLE&areaType=CTY&atch=false&datepicker-day-offset-select-dv-date-from_input=D&dateTime.dateTime=01.01.2023+00:00|WET|DAYTIMERANGE&dateTime.endDateTime=01.01.2023+00:00|WET|DAYTIMERANGE&area.values=CTY|10Y1001A1001A92E!CTY|10Y1001A1001A92E&productionType.values=B01&productionType.values=B02&productionType.values=B03&productionType.values=B04&productionType.values=B05&productionType.values=B06&productionType.values=B07&productionType.values=B08&productionType.values=B09&productionType.values=B10&productionType.values=B11&productionType.values=B12&productionType.values=B13&productionType.values=B14&productionType.values=B20&productionType.values=B15&productionType.values=B16&productionType.values=B17&productionType.values=B18&productionType.values=B19&showConsumption.values=SHOW_CONSUMPTION&dateTime.timezone=WET_WEST&dateTime.timezone_input=WET+(UTC)+/+WEST+(UTC+1),WET+(UTC)+/+WEST+(UTC+1),2023,UTC,https://transparency.entsoe.eu/generation/r2/actualGenerationPerProductionType/show?name=&defaultValue=false&viewType=TABLE&areaType=CTY&atch=false&datepicker-day-offset-select-dv-date-from_input=D&dateTime.dateTime=01.01.2023+00:00|UTC|DAYTIMERANGE&dateTime.endDateTime=01.01.2023+00:00|UTC|DAYTIMERANGE&area.values=CTY|10Y1001A1001A92E!CTY|10Y1001A1001A92E&productionType.values=B01&productionType.values=B02&productionType.values=B03&productionType.values=B04&productionType.values=B05&productionType.values=B06&productionType.values=B07&productionType.values=B08&productionType.values=B09&productionType.values=B10&productionType.values=B11&productionType.values=B12&productionType.values=B13&productionType.values=B14&productionType.values=B20&productionType.values=B15&productionType.values=B16&productionType.values=B17&productionType.values=B18&productionType.values=B19&showConsumption.values=SHOW_CONSUMPTION&dateTime.timezone=UTC&dateTime.timezone_input=UTC,CTY|10Y1001A1001A92E!CTY|10Y1001A1001A92E,/home/ray/Dispa-SET_Unleash/RawData/AvailabiltyFactors/UK,/home/ray/Dispa-SET_Unleash/RawData/AvailabiltyFactors/UK/UK_UTC.csv
