Week 01,N/A,N/A,N/A,N/A,N/A,N/A,N/A,N/A,N/A
Week 02,N/A,N/A,N/A,N/A,N/A,N/A,N/A,N/A,N/A
Week 03,N/A,N/A,N/A,N/A,N/A,N/A,N/A,N/A,N/A
Week 04,N/A,N/A,N/A,N/A,N/A,N/A,N/A,N/A,N/A
Week 05,N/A,N/A,N/A,N/A,N/A,N/A,N/A,N/A,N/A
Week 06,N/A,N/A,N/A,N/A,N/A,N/A,N/A,N/A,N/A
Week 07,N/A,N/A,N/A,N/A,N/A,N/A,N/A,N/A,N/A
Week 08,N/A,N/A,N/A,N/A,N/A,N/A,N/A,N/A,N/A
Week 09,N/A,N/A,N/A,N/A,N/A,N/A,N/A,N/A,N/A
Week 10,N/A,N/A,N/A,N/A,N/A,N/A,N/A,N/A,N/A
Week 11,N/A,N/A,N/A,N/A,N/A,N/A,N/A,N/A,N/A
Week 12,N/A,N/A,N/A,N/A,N/A,N/A,N/A,N/A,N/A
Week 13,N/A,N/A,N/A,N/A,N/A,N/A,N/A,N/A,N/A
Week 14,N/A,N/A,N/A,N/A,N/A,N/A,N/A,N/A,N/A
Week 15,N/A,N/A,N/A,N/A,N/A,N/A,N/A,N/A,N/A
Week 16,N/A,N/A,N/A,N/A,N/A,N/A,N/A,N/A,N/A
Week 17,N/A,N/A,N/A,N/A,N/A,N/A,N/A,N/A,-
Week 18,N/A,N/A,N/A,N/A,N/A,N/A,N/A,N/A,-
Week 19,N/A,N/A,N/A,N/A,N/A,N/A,N/A,N/A,-
Week 20,N/A,N/A,N/A,N/A,N/A,N/A,N/A,N/A,-
Week 21,N/A,N/A,N/A,N/A,N/A,N/A,N/A,N/A,-
Week 22,N/A,N/A,N/A,N/A,N/A,N/A,N/A,N/A,-
Week 23,N/A,N/A,N/A,N/A,N/A,N/A,N/A,N/A,-
Week 24,N/A,N/A,N/A,N/A,N/A,N/A,N/A,N/A,-
Week 25,N/A,N/A,N/A,N/A,N/A,N/A,N/A,N/A,-
Week 26,N/A,N/A,N/A,N/A,N/A,N/A,N/A,N/A,-
Week 27,N/A,N/A,N/A,N/A,N/A,N/A,N/A,N/A,-
Week 28,N/A,N/A,N/A,N/A,N/A,N/A,N/A,N/A,-
Week 29,N/A,N/A,N/A,N/A,N/A,N/A,N/A,N/A,-
Week 30,N/A,N/A,N/A,N/A,N/A,N/A,N/A,N/A,-
Week 31,N/A,N/A,N/A,N/A,N/A,N/A,N/A,N/A,-
Week 32,N/A,N/A,N/A,N/A,N/A,N/A,N/A,N/A,-
Week 33,N/A,N/A,N/A,N/A,N/A,N/A,N/A,N/A,-
Week 34,N/A,N/A,N/A,N/A,N/A,N/A,N/A,N/A,-
Week 35,N/A,N/A,N/A,N/A,N/A,N/A,N/A,N/A,-
Week 36,N/A,N/A,N/A,N/A,N/A,N/A,N/A,N/A,-
Week 37,N/A,N/A,N/A,N/A,N/A,N/A,N/A,N/A,-
Week 38,N/A,N/A,N/A,N/A,N/A,N/A,N/A,N/A,-
Week 39,N/A,N/A,N/A,N/A,N/A,N/A,N/A,N/A,-
Week 40,N/A,N/A,N/A,N/A,N/A,N/A,N/A,N/A,-
Week 41,N/A,N/A,N/A,N/A,N/A,N/A,N/A,N/A,-
Week 42,N/A,N/A,N/A,N/A,N/A,N/A,N/A,N/A,-
Week 43,N/A,N/A,N/A,N/A,N/A,N/A,N/A,N/A,-
Week 44,N/A,N/A,N/A,N/A,N/A,N/A,N/A,N/A,-
Week 45,N/A,N/A,N/A,N/A,N/A,N/A,N/A,N/A,-
Week 46,N/A,N/A,N/A,N/A,N/A,N/A,N/A,N/A,-
Week 47,N/A,N/A,N/A,N/A,N/A,N/A,N/A,N/A,-
Week 48,N/A,N/A,N/A,N/A,N/A,N/A,N/A,N/A,-
Week 49,N/A,N/A,N/A,N/A,N/A,N/A,N/A,N/A,-
Week 50,N/A,N/A,N/A,N/A,N/A,N/A,N/A,N/A,-
Week 51,N/A,N/A,N/A,N/A,N/A,N/A,N/A,N/A,-
Week 52,N/A,N/A,N/A,N/A,N/A,N/A,N/A,N/A,-
Week 53,,,,,N/A,,,,
